{
  "Main": {
    "name": {
      "type": "Text",
      "config": {
        "label": "Name"
      }
    },
    "uid": {
      "type": "UID",
      "config": {
        "label": "Slug"
      }
    },
    "title": {
      "type": "Text",
      "config": {
        "label": "Title"
      }
    },
    "bio": {
      "type": "StructuredText",
      "config": {
        "multi": "paragraph, preformatted, heading1, heading2, heading3, heading4, heading5, heading6, strong, em, hyperlink, image, embed, list-item, o-list-item, o-list-item",
        "label": "Bio"
      }
    },
    "photo": {
      "type": "Image",
      "config": {
        "constraint": {},
        "thumbnails": [],
        "label": "Photo"
      }
    },
    "background": {
      "type": "Image",
      "config": {
        "constraint": {},
        "thumbnails": [],
        "label": "Background"
      }
    },
    "linkedin": {
      "type": "Link",
      "config": {
        "allowTargetBlank": true,
        "label": "LinkedIn"
      }
    },
    "body": {
      "type": "Slices",
      "fieldset": "Slice zone",
      "config": {
        "labels": {},
        "choices": {
          "cta": {
            "type": "Slice",
            "fieldset": "CTA",
            "description": "Call to action",
            "icon": "shopping_cart",
            "display": "list",
            "non-repeat": {
              "heading": {
                "type": "StructuredText",
                "config": {
                  "single": "heading1, heading2, heading3, heading4, heading5, heading6",
                  "label": "Heading"
                }
              },
              "subheading": {
                "type": "Text",
                "config": {
                  "label": "Subheading"
                }
              },
              "action_label": {
                "type": "Text",
                "config": {
                  "label": "Action label"
                }
              },
              "action_url": {
                "type": "Link",
                "config": {
                  "allowTargetBlank": true,
                  "label": "Action URL"
                }
              }
            },
            "repeat": {}
          },
          "text_block": {
            "type": "Slice",
            "fieldset": "Text block",
            "description": "Title + Text",
            "icon": "text_fields",
            "display": "list",
            "non-repeat": {
              "heading": {
                "type": "StructuredText",
                "config": {
                  "single": "heading1, heading2, heading3, heading4, heading5, heading6",
                  "label": "Heading"
                }
              },
              "content": {
                "type": "StructuredText",
                "config": {
                  "multi": "paragraph, preformatted, heading1, heading2, heading3, heading4, heading5, heading6, strong, em, hyperlink, image, embed, list-item, o-list-item, o-list-item",
                  "allowTargetBlank": true,
                  "label": "Content"
                }
              }
            },
            "repeat": {}
          }
        }
      }
    }
  }
}