{
  "Main": {
    "question": {
      "type": "StructuredText",
      "config": {
        "single": "heading1, heading2, heading3, heading4, heading5, heading6",
        "label": "Question"
      }
    },
    "uid": {
      "type": "UID",
      "config": {
        "label": "Slug"
      }
    },
    "answer": {
      "type": "StructuredText",
      "config": {
        "multi": "paragraph, preformatted, heading1, heading2, heading3, heading4, heading5, heading6, strong, em, hyperlink, image, embed, list-item, o-list-item, o-list-item",
        "allowTargetBlank": true,
        "label": "Answer"
      }
    },
    "category": {
      "type": "Link",
      "config": {
        "select": "document",
        "customtypes": [
          "category"
        ],
        "label": "Category"
      }
    }
  }
}