{"data":{"prismicLayout":{"data":{"logo":{"gatsbyImageData":{"images":{"sources":[],"fallback":{"src":"https://images.prismic.io/ecr-group-staging/5933436c-90e2-4138-887f-37aa02a919bb_ECR-logo.png?ixlib=gatsbyFP&auto=compress%2Cformat&fit=max&q=50&w=55&h=60","srcSet":"https://images.prismic.io/ecr-group-staging/5933436c-90e2-4138-887f-37aa02a919bb_ECR-logo.png?ixlib=gatsbyFP&auto=compress%2Cformat&fit=max&q=50&w=55&h=60 55w,\nhttps://images.prismic.io/ecr-group-staging/5933436c-90e2-4138-887f-37aa02a919bb_ECR-logo.png?ixlib=gatsbyFP&auto=compress%2Cformat&fit=max&q=50&w=100&h=109 100w,\nhttps://images.prismic.io/ecr-group-staging/5933436c-90e2-4138-887f-37aa02a919bb_ECR-logo.png?ixlib=gatsbyFP&auto=compress%2Cformat&fit=max&q=50&w=116&h=127 116w,\nhttps://images.prismic.io/ecr-group-staging/5933436c-90e2-4138-887f-37aa02a919bb_ECR-logo.png?ixlib=gatsbyFP&auto=compress%2Cformat&fit=max&q=50&w=135&h=147 135w,\nhttps://images.prismic.io/ecr-group-staging/5933436c-90e2-4138-887f-37aa02a919bb_ECR-logo.png?ixlib=gatsbyFP&auto=compress%2Cformat&fit=max&q=50&w=156&h=170 156w,\nhttps://images.prismic.io/ecr-group-staging/5933436c-90e2-4138-887f-37aa02a919bb_ECR-logo.png?ixlib=gatsbyFP&auto=compress%2Cformat&fit=max&q=50&w=181&h=197 181w,\nhttps://images.prismic.io/ecr-group-staging/5933436c-90e2-4138-887f-37aa02a919bb_ECR-logo.png?ixlib=gatsbyFP&auto=compress%2Cformat&fit=max&q=50&w=210&h=229 210w,\nhttps://images.prismic.io/ecr-group-staging/5933436c-90e2-4138-887f-37aa02a919bb_ECR-logo.png?ixlib=gatsbyFP&auto=compress%2Cformat&fit=max&q=50&w=244&h=266 244w,\nhttps://images.prismic.io/ecr-group-staging/5933436c-90e2-4138-887f-37aa02a919bb_ECR-logo.png?ixlib=gatsbyFP&auto=compress%2Cformat&fit=max&q=50&w=283&h=309 283w,\nhttps://images.prismic.io/ecr-group-staging/5933436c-90e2-4138-887f-37aa02a919bb_ECR-logo.png?ixlib=gatsbyFP&auto=compress%2Cformat&fit=max&q=50&w=328&h=358 328w,\nhttps://images.prismic.io/ecr-group-staging/5933436c-90e2-4138-887f-37aa02a919bb_ECR-logo.png?ixlib=gatsbyFP&auto=compress%2Cformat&fit=max&q=50&w=380&h=415 380w,\nhttps://images.prismic.io/ecr-group-staging/5933436c-90e2-4138-887f-37aa02a919bb_ECR-logo.png?ixlib=gatsbyFP&auto=compress%2Cformat&fit=max&q=50&w=441&h=481 441w,\nhttps://images.prismic.io/ecr-group-staging/5933436c-90e2-4138-887f-37aa02a919bb_ECR-logo.png?ixlib=gatsbyFP&auto=compress%2Cformat&fit=max&q=50&w=512&h=559 512w,\nhttps://images.prismic.io/ecr-group-staging/5933436c-90e2-4138-887f-37aa02a919bb_ECR-logo.png?ixlib=gatsbyFP&auto=compress%2Cformat&fit=max&q=50&w=594&h=648 594w,\nhttps://images.prismic.io/ecr-group-staging/5933436c-90e2-4138-887f-37aa02a919bb_ECR-logo.png?ixlib=gatsbyFP&auto=compress%2Cformat&fit=max&q=50&w=689&h=752 689w,\nhttps://images.prismic.io/ecr-group-staging/5933436c-90e2-4138-887f-37aa02a919bb_ECR-logo.png?ixlib=gatsbyFP&auto=compress%2Cformat&fit=max&q=50&w=799&h=872 799w,\nhttps://images.prismic.io/ecr-group-staging/5933436c-90e2-4138-887f-37aa02a919bb_ECR-logo.png?ixlib=gatsbyFP&auto=compress%2Cformat&fit=max&q=50&w=927&h=1011 927w,\nhttps://images.prismic.io/ecr-group-staging/5933436c-90e2-4138-887f-37aa02a919bb_ECR-logo.png?ixlib=gatsbyFP&auto=compress%2Cformat&fit=max&q=50&w=1024&h=1117 1024w","sizes":"(min-width: 55px) 55px, 100vw"}},"layout":"constrained","width":55,"height":60},"url":"https://images.prismic.io/ecr-group-staging/5933436c-90e2-4138-887f-37aa02a919bb_ECR-logo.png?ixlib=gatsbyFP&auto=compress%2Cformat&fit=max&q=50"},"header_navigation":[{"label":"Research","link_url":"/research","meganav":{"document":null}},{"label":"Team","link_url":"/team","meganav":{"document":null}},{"label":"Resources","link_url":"/event","meganav":{"document":null}},{"label":"Blog","link_url":"/blog","meganav":{"document":null}}],"header_body":[{"id":"f4a547e1-cebb-53ee-93fe-18f18625be2c","primary":{"action_label":"Join our mailing list","action_url":{"url":"https://ecr-shrink-group.us17.list-manage.com/subscribe?u=6023bad92de17c3cdf8bb689d&id=fe6105ee15","uid":null,"target":null,"type":null}}}],"footer_body":[{"id":"761f7e54-4584-5a84-9925-279af0cf0df3","primary":{"label":"Upcoming Events"},"items":[{"label":"Dec 7 - What Digital Loss Prevention tools work?","link_url":{"type":"event","target":null,"uid":"digital-lp-tools-whats-working","document":{}}},{"label":"Dec 8 - Future of Video","link_url":{"type":"event","target":null,"uid":"exploring-future-developments-in-video-technologies","document":{}}},{"label":"Dec 9 - On Shelf Availability Innovation Challenge","link_url":{"type":"event","target":null,"uid":"new-ways-to-sell-more-lose-less","document":{}}}],"slice_type":"nav_item"},{"id":"6892e583-83dc-5baa-aeef-a229a9f1f4ac","primary":{"label":"Recent Research Papers"},"items":[{"label":"RFID - Insights on Innovation","link_url":{"type":"research","target":null,"uid":"utilising-rfid-in-retailing-insights-on-innovation","document":{}}},{"label":"Design Thinking to Improve Self-Checkout Losses","link_url":{"type":"research","target":null,"uid":"how-to-reduce-loss-and-increase-participation-at-self-checkout-through-design","document":{}}},{"label":"Contracts - Their Role in Food Waste Prevention","link_url":{"type":"research","target":null,"uid":"contractual-terms-for-reducing-food-waste","document":{}}},{"label":"Video in Retail","link_url":{"type":"research","target":null,"uid":"reviewing-the-use-of-video-technologies-in-retailing","document":{}}},{"label":"Inventory Record Accuracy","link_url":{"type":"research","target":null,"uid":"grow-sales-by-improving-inventory-records","document":{}}},{"label":"Self Checkout: Measuring the Impact","link_url":{"type":"research","target":null,"uid":"self-checkout-research","document":{}}},{"label":"Collaboration for Food Waste Prevention","link_url":{"type":"research","target":null,"uid":"collaboration-to-reduce-food-waste","document":{}}},{"label":"No such things as a Free Return","link_url":{"type":"research","target":null,"uid":"buy-online-return-in-store","document":{}}},{"label":"Total Retail Loss","link_url":{"type":"research","target":null,"uid":"total-retail-loss","document":{}}},{"label":"RFID - Retailer Case Studies","link_url":{"type":"research","target":null,"uid":"rfid-in-retail","document":{}}},{"label":"Sell More, Waste Less","link_url":{"type":"research","target":null,"uid":"sell-more-waste-less","document":{}}},{"label":"Employee Engagment and Retail Loss","link_url":{"type":"research","target":null,"uid":"retail-loss-employee-engagement-making-the-link","document":{}}}],"slice_type":"nav_item"},{"id":"4bf47d98-cdfc-5518-a604-e8dc841d6b14","primary":{"label":"Latest Blogs"},"items":[{"label":"Innovation Showcase Finallists - Where are they now?","link_url":{"type":null,"target":null,"uid":null,"document":null}},{"label":"2021 New Research Deliverables","link_url":{"type":null,"target":null,"uid":null,"document":null}},{"label":"65 Retail Practices to Sell More and Waste Less","link_url":{"type":"blog","target":null,"uid":"65-practices-to-reduce-waste-and-grow-sales","document":{"id":"bea3fb46-b38c-57bc-8f73-865e009d4241","type":"blog","uid":"65-practices-to-reduce-waste-and-grow-sales","data":{"category":{"uid":"food-waste-and-markdowns"}}}}},{"label":"Inventory Record Accuracy  Five Action Steps for Loss Prevention","link_url":{"type":"blog","target":null,"uid":"improving-inventory-record-accuracy","document":{"id":"abf8531d-43b8-56b7-b82b-81b00336d5ec","type":"blog","uid":"improving-inventory-record-accuracy","data":{"category":{"uid":"inventory-accuracy"}}}}}],"slice_type":"nav_item"},{"id":"02e7553b-11dc-537f-9bb6-931cc1699ee7","primary":{"label":"About"},"items":[{"label":"Join Our Mailing List","link_url":{"type":null,"target":null,"uid":null,"document":null}},{"label":"Contact Us","link_url":{"type":"page","target":null,"uid":"contact","document":{}}},{"label":"ECR Community","link_url":{"type":null,"target":"_blank","uid":null,"document":null}},{"label":"RILA","link_url":{"type":null,"target":"_blank","uid":null,"document":null}},{"label":"FMI","link_url":{"type":null,"target":"_blank","uid":null,"document":null}},{"label":"CGF","link_url":{"type":null,"target":"_blank","uid":null,"document":null}}],"slice_type":"nav_item"}]}}}}