{"data":{"site":{"siteMetadata":{"title":"Ecr Shrink Group","titleTemplate":"%s | Ecr Shrink Group","description":"The ECR Community Shrink & OSA Group is a retailer-manufacturer working group focused on creating imaginative new ways to, together, better manage the problems of on-shelf availability, shrink and food waste.","siteUrl":"https://ecr-shrink-group.com","siteLanguage":"en-GB","ogLanguage":"en_GB","defaultImage":"/logos/logo-1024.png","themeColor":"#FFFFFF","backgroundColor":"#4E50F7","facebook":"ECRGroup"}}}}